v362_id,region,cadena_productiva,tipo_empresa,tecnologias,nivel_adopcion
30,Arica,Contenidos creativos,Empresa,software_especializado_aplicado_a_su_sector,LENTO ADOPTANTE (se suman cuando las tecnologías están consolidadas)
72,Arica,Servicios creativos,Empresa,impresion_3d,LENTO ADOPTANTE (se suman cuando las tecnologías están consolidadas)
72,Arica,Servicios creativos,Empresa,inteligencia_artificial_ia,EARLY ADOPTER (adoptan tecnologías en fase inicial)
72,Arica,Servicios creativos,Empresa,software_especializado_aplicado_a_su_sector,INNOVADOR (desarrollan y adoptan nuevas tecnologías)
97,Arica,Experiencias creativas,Empresa,creacion_de_entornos_virtuales,INNOVADOR (desarrollan y adoptan nuevas tecnologías)
97,Arica,Experiencias creativas,Empresa,impresion_3d,EARLY ADOPTER (adoptan tecnologías en fase inicial)
97,Arica,Experiencias creativas,Empresa,realidad_aumentada_ar,INNOVADOR (desarrollan y adoptan nuevas tecnologías)
97,Arica,Experiencias creativas,Empresa,realidad_virtual_vr,EARLY ADOPTER (adoptan tecnologías en fase inicial)
97,Arica,Experiencias creativas,Empresa,software_de_3d,INNOVADOR (desarrollan y adoptan nuevas tecnologías)
54,Antofagasta,Servicios creativos,Profesional independiente,software_especializado_aplicado_a_su_sector,LENTO ADOPTANTE (se suman cuando las tecnologías están consolidadas)
73,Antofagasta,Experiencias creativas,Empresa,software_de_3d,INNOVADOR (desarrollan y adoptan nuevas tecnologías)
73,Antofagasta,Experiencias creativas,Empresa,software_especializado_aplicado_a_su_sector,INNOVADOR (desarrollan y adoptan nuevas tecnologías)
73,Antofagasta,Experiencias creativas,Empresa,sonido_inmersivo,INNOVADOR (desarrollan y adoptan nuevas tecnologías)
138,Atacama,Bienes creativos,Empresa,creacion_de_entornos_virtuales,EARLY ADOPTER (adoptan tecnologías en fase inicial)
138,Atacama,Bienes creativos,Empresa,inteligencia_artificial_ia,EARLY ADOPTER (adoptan tecnologías en fase inicial)
138,Atacama,Bienes creativos,Empresa,mocap_motion_capture,EARLY ADOPTER (adoptan tecnologías en fase inicial)
138,Atacama,Bienes creativos,Empresa,realidad_aumentada_ar,INNOVADOR (desarrollan y adoptan nuevas tecnologías)
138,Atacama,Bienes creativos,Empresa,realidad_virtual_vr,INNOVADOR (desarrollan y adoptan nuevas tecnologías)
138,Atacama,Bienes creativos,Empresa,software_de_3d,EARLY ADOPTER (adoptan tecnologías en fase inicial)
138,Atacama,Bienes creativos,Empresa,software_especializado_aplicado_a_su_sector,INNOVADOR (desarrollan y adoptan nuevas tecnologías)
138,Atacama,Bienes creativos,Empresa,sonido_inmersivo,INNOVADOR (desarrollan y adoptan nuevas tecnologías)
138,Atacama,Bienes creativos,Empresa,vfx_visual_effects,INNOVADOR (desarrollan y adoptan nuevas tecnologías)
8,Valparaíso,Bienes creativos,Empresa,software_de_3d,INNOVADOR (desarrollan y adoptan nuevas tecnologías)
11,Valparaíso,Servicios creativos,Empresa,impresion_3d,INNOVADOR (desarrollan y adoptan nuevas tecnologías)
11,Valparaíso,Servicios creativos,Empresa,software_de_3d,INNOVADOR (desarrollan y adoptan nuevas tecnologías)
11,Valparaíso,Servicios creativos,Empresa,software_especializado_aplicado_a_su_sector,INNOVADOR (desarrollan y adoptan nuevas tecnologías)
12,Valparaíso,Contenidos creativos,Empresa,creacion_de_entornos_virtuales,INNOVADOR (desarrollan y adoptan nuevas tecnologías)
12,Valparaíso,Contenidos creativos,Empresa,inteligencia_artificial_ia,INNOVADOR (desarrollan y adoptan nuevas tecnologías)
12,Valparaíso,Contenidos creativos,Empresa,realidad_aumentada_ar,INNOVADOR (desarrollan y adoptan nuevas tecnologías)
12,Valparaíso,Contenidos creativos,Empresa,realidad_virtual_vr,INNOVADOR (desarrollan y adoptan nuevas tecnologías)
12,Valparaíso,Contenidos creativos,Empresa,software_de_3d,INNOVADOR (desarrollan y adoptan nuevas tecnologías)
12,Valparaíso,Contenidos creativos,Empresa,vfx_visual_effects,EARLY ADOPTER (adoptan tecnologías en fase inicial)
20,Valparaíso,Servicios creativos,Empresa,creacion_de_entornos_virtuales,LENTO ADOPTANTE (se suman cuando las tecnologías están consolidadas)
20,Valparaíso,Servicios creativos,Empresa,impresion_3d,LENTO ADOPTANTE (se suman cuando las tecnologías están consolidadas)
20,Valparaíso,Servicios creativos,Empresa,inteligencia_artificial_ia,EARLY ADOPTER (adoptan tecnologías en fase inicial)
20,Valparaíso,Servicios creativos,Empresa,realidad_aumentada_ar,EARLY ADOPTER (adoptan tecnologías en fase inicial)
20,Valparaíso,Servicios creativos,Empresa,realidad_virtual_vr,EARLY ADOPTER (adoptan tecnologías en fase inicial)
20,Valparaíso,Servicios creativos,Empresa,software_de_3d,INNOVADOR (desarrollan y adoptan nuevas tecnologías)
20,Valparaíso,Servicios creativos,Empresa,software_especializado_aplicado_a_su_sector,INNOVADOR (desarrollan y adoptan nuevas tecnologías)
21,Valparaíso,Servicios creativos,Empresa,creacion_de_entornos_virtuales,INNOVADOR (desarrollan y adoptan nuevas tecnologías)
21,Valparaíso,Servicios creativos,Empresa,impresion_3d,EARLY ADOPTER (adoptan tecnologías en fase inicial)
21,Valparaíso,Servicios creativos,Empresa,realidad_virtual_vr,INNOVADOR (desarrollan y adoptan nuevas tecnologías)
21,Valparaíso,Servicios creativos,Empresa,software_de_3d,EARLY ADOPTER (adoptan tecnologías en fase inicial)
32,Valparaíso,Experiencias creativas,Profesional independiente,creacion_de_entornos_virtuales,EARLY ADOPTER (adoptan tecnologías en fase inicial)
32,Valparaíso,Experiencias creativas,Profesional independiente,inteligencia_artificial_ia,EARLY ADOPTER (adoptan tecnologías en fase inicial)
32,Valparaíso,Experiencias creativas,Profesional independiente,software_de_3d,EARLY ADOPTER (adoptan tecnologías en fase inicial)
32,Valparaíso,Experiencias creativas,Profesional independiente,sonido_inmersivo,EARLY ADOPTER (adoptan tecnologías en fase inicial)
32,Valparaíso,Experiencias creativas,Profesional independiente,vfx_visual_effects,LENTO ADOPTANTE (se suman cuando las tecnologías están consolidadas)
52,Valparaíso,Experiencias creativas,Empresa,creacion_de_entornos_virtuales,INNOVADOR (desarrollan y adoptan nuevas tecnologías)
52,Valparaíso,Experiencias creativas,Empresa,impresion_3d,EARLY ADOPTER (adoptan tecnologías en fase inicial)
52,Valparaíso,Experiencias creativas,Empresa,inteligencia_artificial_ia,EARLY ADOPTER (adoptan tecnologías en fase inicial)
52,Valparaíso,Experiencias creativas,Empresa,mocap_motion_capture,INNOVADOR (desarrollan y adoptan nuevas tecnologías)
52,Valparaíso,Experiencias creativas,Empresa,realidad_aumentada_ar,INNOVADOR (desarrollan y adoptan nuevas tecnologías)
52,Valparaíso,Experiencias creativas,Empresa,realidad_virtual_vr,INNOVADOR (desarrollan y adoptan nuevas tecnologías)
52,Valparaíso,Experiencias creativas,Empresa,reconocimiento_facial,INNOVADOR (desarrollan y adoptan nuevas tecnologías)
52,Valparaíso,Experiencias creativas,Empresa,software_de_3d,INNOVADOR (desarrollan y adoptan nuevas tecnologías)
52,Valparaíso,Experiencias creativas,Empresa,software_especializado_aplicado_a_su_sector,INNOVADOR (desarrollan y adoptan nuevas tecnologías)
52,Valparaíso,Experiencias creativas,Empresa,sonido_inmersivo,INNOVADOR (desarrollan y adoptan nuevas tecnologías)
52,Valparaíso,Experiencias creativas,Empresa,vfx_visual_effects,INNOVADOR (desarrollan y adoptan nuevas tecnologías)
53,Valparaíso,Servicios creativos,Empresa,inteligencia_artificial_ia,INNOVADOR (desarrollan y adoptan nuevas tecnologías)
53,Valparaíso,Servicios creativos,Empresa,reconocimiento_facial,LENTO ADOPTANTE (se suman cuando las tecnologías están consolidadas)
68,Valparaíso,Contenidos creativos,Profesional independiente,inteligencia_artificial_ia,INNOVADOR (desarrollan y adoptan nuevas tecnologías)
71,Valparaíso,Servicios creativos,Empresa,creacion_de_entornos_virtuales,EARLY ADOPTER (adoptan tecnologías en fase inicial)
71,Valparaíso,Servicios creativos,Empresa,inteligencia_artificial_ia,LENTO ADOPTANTE (se suman cuando las tecnologías están consolidadas)
71,Valparaíso,Servicios creativos,Empresa,software_especializado_aplicado_a_su_sector,EARLY ADOPTER (adoptan tecnologías en fase inicial)
71,Valparaíso,Servicios creativos,Empresa,sonido_inmersivo,INNOVADOR (desarrollan y adoptan nuevas tecnologías)
74,Valparaíso,Contenidos creativos,Empresa,creacion_de_entornos_virtuales,INNOVADOR (desarrollan y adoptan nuevas tecnologías)
74,Valparaíso,Contenidos creativos,Empresa,realidad_aumentada_ar,INNOVADOR (desarrollan y adoptan nuevas tecnologías)
74,Valparaíso,Contenidos creativos,Empresa,realidad_virtual_vr,INNOVADOR (desarrollan y adoptan nuevas tecnologías)
84,Valparaíso,Contenidos creativos,Empresa,creacion_de_entornos_virtuales,INNOVADOR (desarrollan y adoptan nuevas tecnologías)
84,Valparaíso,Contenidos creativos,Empresa,inteligencia_artificial_ia,EARLY ADOPTER (adoptan tecnologías en fase inicial)
84,Valparaíso,Contenidos creativos,Empresa,realidad_aumentada_ar,EARLY ADOPTER (adoptan tecnologías en fase inicial)
84,Valparaíso,Contenidos creativos,Empresa,realidad_virtual_vr,INNOVADOR (desarrollan y adoptan nuevas tecnologías)
84,Valparaíso,Contenidos creativos,Empresa,software_de_3d,INNOVADOR (desarrollan y adoptan nuevas tecnologías)
84,Valparaíso,Contenidos creativos,Empresa,vfx_visual_effects,INNOVADOR (desarrollan y adoptan nuevas tecnologías)
92,Valparaíso,Servicios creativos,Empresa,creacion_de_entornos_virtuales,INNOVADOR (desarrollan y adoptan nuevas tecnologías)
92,Valparaíso,Servicios creativos,Empresa,impresion_3d,EARLY ADOPTER (adoptan tecnologías en fase inicial)
92,Valparaíso,Servicios creativos,Empresa,inteligencia_artificial_ia,LENTO ADOPTANTE (se suman cuando las tecnologías están consolidadas)
92,Valparaíso,Servicios creativos,Empresa,mocap_motion_capture,EARLY ADOPTER (adoptan tecnologías en fase inicial)
92,Valparaíso,Servicios creativos,Empresa,realidad_aumentada_ar,LENTO ADOPTANTE (se suman cuando las tecnologías están consolidadas)
92,Valparaíso,Servicios creativos,Empresa,realidad_virtual_vr,EARLY ADOPTER (adoptan tecnologías en fase inicial)
92,Valparaíso,Servicios creativos,Empresa,reconocimiento_facial,LENTO ADOPTANTE (se suman cuando las tecnologías están consolidadas)
92,Valparaíso,Servicios creativos,Empresa,software_de_3d,EARLY ADOPTER (adoptan tecnologías en fase inicial)
92,Valparaíso,Servicios creativos,Empresa,software_especializado_aplicado_a_su_sector,EARLY ADOPTER (adoptan tecnologías en fase inicial)
103,Valparaíso,Contenidos creativos,Profesional independiente,creacion_de_entornos_virtuales,INNOVADOR (desarrollan y adoptan nuevas tecnologías)
103,Valparaíso,Contenidos creativos,Profesional independiente,inteligencia_artificial_ia,EARLY ADOPTER (adoptan tecnologías en fase inicial)
103,Valparaíso,Contenidos creativos,Profesional independiente,realidad_virtual_vr,INNOVADOR (desarrollan y adoptan nuevas tecnologías)
113,Valparaíso,Bienes creativos,Empresa,creacion_de_entornos_virtuales,INNOVADOR (desarrollan y adoptan nuevas tecnologías)
113,Valparaíso,Bienes creativos,Empresa,impresion_3d,INNOVADOR (desarrollan y adoptan nuevas tecnologías)
113,Valparaíso,Bienes creativos,Empresa,inteligencia_artificial_ia,INNOVADOR (desarrollan y adoptan nuevas tecnologías)
113,Valparaíso,Bienes creativos,Empresa,machine_learning,INNOVADOR (desarrollan y adoptan nuevas tecnologías)
113,Valparaíso,Bienes creativos,Empresa,mocap_motion_capture,INNOVADOR (desarrollan y adoptan nuevas tecnologías)
113,Valparaíso,Bienes creativos,Empresa,physical_computing,INNOVADOR (desarrollan y adoptan nuevas tecnologías)
113,Valparaíso,Bienes creativos,Empresa,realidad_aumentada_ar,INNOVADOR (desarrollan y adoptan nuevas tecnologías)
113,Valparaíso,Bienes creativos,Empresa,realidad_virtual_vr,INNOVADOR (desarrollan y adoptan nuevas tecnologías)
113,Valparaíso,Bienes creativos,Empresa,software_de_3d,INNOVADOR (desarrollan y adoptan nuevas tecnologías)
113,Valparaíso,Bienes creativos,Empresa,software_especializado_aplicado_a_su_sector,INNOVADOR (desarrollan y adoptan nuevas tecnologías)
113,Valparaíso,Bienes creativos,Empresa,sonido_inmersivo,INNOVADOR (desarrollan y adoptan nuevas tecnologías)
113,Valparaíso,Bienes creativos,Empresa,vfx_visual_effects,EARLY ADOPTER (adoptan tecnologías en fase inicial)
113,Valparaíso,Bienes creativos,Empresa,icfvx_in_camera_visual_effects,EARLY ADOPTER (adoptan tecnologías en fase inicial)
114,Valparaíso,Servicios creativos,Empresa,realidad_aumentada_ar,INNOVADOR (desarrollan y adoptan nuevas tecnologías)
117,Valparaíso,Servicios creativos,Profesional independiente,creacion_de_entornos_virtuales,INNOVADOR (desarrollan y adoptan nuevas tecnologías)
117,Valparaíso,Servicios creativos,Profesional independiente,inteligencia_artificial_ia,EARLY ADOPTER (adoptan tecnologías en fase inicial)
117,Valparaíso,Servicios creativos,Profesional independiente,mocap_motion_capture,EARLY ADOPTER (adoptan tecnologías en fase inicial)
117,Valparaíso,Servicios creativos,Profesional independiente,software_de_3d,EARLY ADOPTER (adoptan tecnologías en fase inicial)
117,Valparaíso,Servicios creativos,Profesional independiente,vfx_visual_effects,EARLY ADOPTER (adoptan tecnologías en fase inicial)
120,Valparaíso,Bienes creativos,Empresa,creacion_de_entornos_virtuales,EARLY ADOPTER (adoptan tecnologías en fase inicial)
120,Valparaíso,Bienes creativos,Empresa,inteligencia_artificial_ia,LENTO ADOPTANTE (se suman cuando las tecnologías están consolidadas)
120,Valparaíso,Bienes creativos,Empresa,realidad_virtual_vr,LENTO ADOPTANTE (se suman cuando las tecnologías están consolidadas)
126,Valparaíso,Bienes creativos,Empresa,creacion_de_entornos_virtuales,INNOVADOR (desarrollan y adoptan nuevas tecnologías)
126,Valparaíso,Bienes creativos,Empresa,inteligencia_artificial_ia,INNOVADOR (desarrollan y adoptan nuevas tecnologías)
126,Valparaíso,Bienes creativos,Empresa,realidad_aumentada_ar,INNOVADOR (desarrollan y adoptan nuevas tecnologías)
126,Valparaíso,Bienes creativos,Empresa,realidad_virtual_vr,INNOVADOR (desarrollan y adoptan nuevas tecnologías)
126,Valparaíso,Bienes creativos,Empresa,sonido_inmersivo,INNOVADOR (desarrollan y adoptan nuevas tecnologías)
131,Valparaíso,Servicios creativos,Empresa,creacion_de_entornos_virtuales,INNOVADOR (desarrollan y adoptan nuevas tecnologías)
131,Valparaíso,Servicios creativos,Empresa,inteligencia_artificial_ia,EARLY ADOPTER (adoptan tecnologías en fase inicial)
131,Valparaíso,Servicios creativos,Empresa,realidad_aumentada_ar,INNOVADOR (desarrollan y adoptan nuevas tecnologías)
131,Valparaíso,Servicios creativos,Empresa,realidad_virtual_vr,INNOVADOR (desarrollan y adoptan nuevas tecnologías)
131,Valparaíso,Servicios creativos,Empresa,reconocimiento_facial,EARLY ADOPTER (adoptan tecnologías en fase inicial)
135,Valparaíso,Servicios creativos,Empresa,inteligencia_artificial_ia,LENTO ADOPTANTE (se suman cuando las tecnologías están consolidadas)
135,Valparaíso,Servicios creativos,Empresa,software_especializado_aplicado_a_su_sector,LENTO ADOPTANTE (se suman cuando las tecnologías están consolidadas)
135,Valparaíso,Servicios creativos,Empresa,sonido_inmersivo,EARLY ADOPTER (adoptan tecnologías en fase inicial)
2,RM,Servicios creativos,Profesional independiente,creacion_de_entornos_virtuales,LENTO ADOPTANTE (se suman cuando las tecnologías están consolidadas)
2,RM,Servicios creativos,Profesional independiente,hologramas,LENTO ADOPTANTE (se suman cuando las tecnologías están consolidadas)
2,RM,Servicios creativos,Profesional independiente,impresion_3d,LENTO ADOPTANTE (se suman cuando las tecnologías están consolidadas)
2,RM,Servicios creativos,Profesional independiente,realidad_aumentada_ar,LENTO ADOPTANTE (se suman cuando las tecnologías están consolidadas)
2,RM,Servicios creativos,Profesional independiente,realidad_virtual_vr,LENTO ADOPTANTE (se suman cuando las tecnologías están consolidadas)
2,RM,Servicios creativos,Profesional independiente,software_de_3d,LENTO ADOPTANTE (se suman cuando las tecnologías están consolidadas)
2,RM,Servicios creativos,Profesional independiente,software_especializado_aplicado_a_su_sector,LENTO ADOPTANTE (se suman cuando las tecnologías están consolidadas)
2,RM,Servicios creativos,Profesional independiente,vfx_visual_effects,LENTO ADOPTANTE (se suman cuando las tecnologías están consolidadas)
3,RM,Servicios creativos,Empresa,inteligencia_artificial_ia,EARLY ADOPTER (adoptan tecnologías en fase inicial)
3,RM,Servicios creativos,Empresa,software_de_3d,EARLY ADOPTER (adoptan tecnologías en fase inicial)
3,RM,Servicios creativos,Empresa,software_especializado_aplicado_a_su_sector,INNOVADOR (desarrollan y adoptan nuevas tecnologías)
3,RM,Servicios creativos,Empresa,sonido_inmersivo,INNOVADOR (desarrollan y adoptan nuevas tecnologías)
5,RM,Contenidos creativos,Profesional independiente,creacion_de_entornos_virtuales,EARLY ADOPTER (adoptan tecnologías en fase inicial)
5,RM,Contenidos creativos,Profesional independiente,hologramas,LENTO ADOPTANTE (se suman cuando las tecnologías están consolidadas)
5,RM,Contenidos creativos,Profesional independiente,inteligencia_artificial_ia,EARLY ADOPTER (adoptan tecnologías en fase inicial)
5,RM,Contenidos creativos,Profesional independiente,mocap_motion_capture,EARLY ADOPTER (adoptan tecnologías en fase inicial)
5,RM,Contenidos creativos,Profesional independiente,realidad_aumentada_ar,INNOVADOR (desarrollan y adoptan nuevas tecnologías)
5,RM,Contenidos creativos,Profesional independiente,realidad_virtual_vr,INNOVADOR (desarrollan y adoptan nuevas tecnologías)
5,RM,Contenidos creativos,Profesional independiente,reconocimiento_facial,LENTO ADOPTANTE (se suman cuando las tecnologías están consolidadas)
5,RM,Contenidos creativos,Profesional independiente,software_de_3d,EARLY ADOPTER (adoptan tecnologías en fase inicial)
5,RM,Contenidos creativos,Profesional independiente,software_especializado_aplicado_a_su_sector,EARLY ADOPTER (adoptan tecnologías en fase inicial)
7,RM,Servicios creativos,Empresa,inteligencia_artificial_ia,LENTO ADOPTANTE (se suman cuando las tecnologías están consolidadas)
7,RM,Servicios creativos,Empresa,machine_learning,LENTO ADOPTANTE (se suman cuando las tecnologías están consolidadas)
7,RM,Servicios creativos,Empresa,software_especializado_aplicado_a_su_sector,INNOVADOR (desarrollan y adoptan nuevas tecnologías)
13,RM,Servicios creativos,Empresa,creacion_de_entornos_virtuales,INNOVADOR (desarrollan y adoptan nuevas tecnologías)
13,RM,Servicios creativos,Empresa,impresion_3d,INNOVADOR (desarrollan y adoptan nuevas tecnologías)
13,RM,Servicios creativos,Empresa,inteligencia_artificial_ia,INNOVADOR (desarrollan y adoptan nuevas tecnologías)
13,RM,Servicios creativos,Empresa,realidad_virtual_vr,INNOVADOR (desarrollan y adoptan nuevas tecnologías)
13,RM,Servicios creativos,Empresa,software_de_3d,INNOVADOR (desarrollan y adoptan nuevas tecnologías)
14,RM,Servicios creativos,Empresa,inteligencia_artificial_ia,INNOVADOR (desarrollan y adoptan nuevas tecnologías)
14,RM,Servicios creativos,Empresa,machine_learning,INNOVADOR (desarrollan y adoptan nuevas tecnologías)
14,RM,Servicios creativos,Empresa,realidad_aumentada_ar,EARLY ADOPTER (adoptan tecnologías en fase inicial)
15,RM,Contenidos creativos,Profesional independiente,impresion_3d,EARLY ADOPTER (adoptan tecnologías en fase inicial)
15,RM,Contenidos creativos,Profesional independiente,machine_learning,EARLY ADOPTER (adoptan tecnologías en fase inicial)
15,RM,Contenidos creativos,Profesional independiente,physical_computing,INNOVADOR (desarrollan y adoptan nuevas tecnologías)
16,RM,Contenidos creativos,Empresa,creacion_de_entornos_virtuales,INNOVADOR (desarrollan y adoptan nuevas tecnologías)
16,RM,Contenidos creativos,Empresa,inteligencia_artificial_ia,INNOVADOR (desarrollan y adoptan nuevas tecnologías)
16,RM,Contenidos creativos,Empresa,realidad_aumentada_ar,INNOVADOR (desarrollan y adoptan nuevas tecnologías)
16,RM,Contenidos creativos,Empresa,realidad_virtual_vr,INNOVADOR (desarrollan y adoptan nuevas tecnologías)
16,RM,Contenidos creativos,Empresa,software_de_3d,INNOVADOR (desarrollan y adoptan nuevas tecnologías)
16,RM,Contenidos creativos,Empresa,software_especializado_aplicado_a_su_sector,INNOVADOR (desarrollan y adoptan nuevas tecnologías)
17,RM,Bienes creativos,Empresa,inteligencia_artificial_ia,EARLY ADOPTER (adoptan tecnologías en fase inicial)
18,RM,Servicios creativos,Empresa,hologramas,EARLY ADOPTER (adoptan tecnologías en fase inicial)
18,RM,Servicios creativos,Empresa,inteligencia_artificial_ia,INNOVADOR (desarrollan y adoptan nuevas tecnologías)
18,RM,Servicios creativos,Empresa,realidad_aumentada_ar,INNOVADOR (desarrollan y adoptan nuevas tecnologías)
18,RM,Servicios creativos,Empresa,realidad_virtual_vr,INNOVADOR (desarrollan y adoptan nuevas tecnologías)
18,RM,Servicios creativos,Empresa,software_de_3d,INNOVADOR (desarrollan y adoptan nuevas tecnologías)
19,RM,Servicios creativos,Empresa,creacion_de_entornos_virtuales,INNOVADOR (desarrollan y adoptan nuevas tecnologías)
19,RM,Servicios creativos,Empresa,inteligencia_artificial_ia,INNOVADOR (desarrollan y adoptan nuevas tecnologías)
19,RM,Servicios creativos,Empresa,machine_learning,EARLY ADOPTER (adoptan tecnologías en fase inicial)
19,RM,Servicios creativos,Empresa,realidad_aumentada_ar,INNOVADOR (desarrollan y adoptan nuevas tecnologías)
19,RM,Servicios creativos,Empresa,realidad_virtual_vr,INNOVADOR (desarrollan y adoptan nuevas tecnologías)
19,RM,Servicios creativos,Empresa,software_de_3d,EARLY ADOPTER (adoptan tecnologías en fase inicial)
24,RM,Bienes creativos,Profesional independiente,software_especializado_aplicado_a_su_sector,LENTO ADOPTANTE (se suman cuando las tecnologías están consolidadas)
25,RM,Contenidos creativos,Empresa,creacion_de_entornos_virtuales,EARLY ADOPTER (adoptan tecnologías en fase inicial)
25,RM,Contenidos creativos,Empresa,inteligencia_artificial_ia,LENTO ADOPTANTE (se suman cuando las tecnologías están consolidadas)
25,RM,Contenidos creativos,Empresa,software_de_3d,LENTO ADOPTANTE (se suman cuando las tecnologías están consolidadas)
25,RM,Contenidos creativos,Empresa,vfx_visual_effects,LENTO ADOPTANTE (se suman cuando las tecnologías están consolidadas)
25,RM,Contenidos creativos,Empresa,icfvx_in_camera_visual_effects,EARLY ADOPTER (adoptan tecnologías en fase inicial)
26,RM,Contenidos creativos,Empresa,creacion_de_entornos_virtuales,EARLY ADOPTER (adoptan tecnologías en fase inicial)
26,RM,Contenidos creativos,Empresa,mocap_motion_capture,INNOVADOR (desarrollan y adoptan nuevas tecnologías)
26,RM,Contenidos creativos,Empresa,software_especializado_aplicado_a_su_sector,EARLY ADOPTER (adoptan tecnologías en fase inicial)
26,RM,Contenidos creativos,Empresa,sonido_inmersivo,EARLY ADOPTER (adoptan tecnologías en fase inicial)
26,RM,Contenidos creativos,Empresa,vfx_visual_effects,INNOVADOR (desarrollan y adoptan nuevas tecnologías)
26,RM,Contenidos creativos,Empresa,icfvx_in_camera_visual_effects,INNOVADOR (desarrollan y adoptan nuevas tecnologías)
28,RM,Contenidos creativos,Empresa,inteligencia_artificial_ia,EARLY ADOPTER (adoptan tecnologías en fase inicial)
28,RM,Contenidos creativos,Empresa,software_especializado_aplicado_a_su_sector,EARLY ADOPTER (adoptan tecnologías en fase inicial)
29,RM,Servicios creativos,Empresa,mocap_motion_capture,INNOVADOR (desarrollan y adoptan nuevas tecnologías)
29,RM,Servicios creativos,Empresa,software_de_3d,EARLY ADOPTER (adoptan tecnologías en fase inicial)
29,RM,Servicios creativos,Empresa,software_especializado_aplicado_a_su_sector,INNOVADOR (desarrollan y adoptan nuevas tecnologías)
29,RM,Servicios creativos,Empresa,vfx_visual_effects,EARLY ADOPTER (adoptan tecnologías en fase inicial)
33,RM,Servicios creativos,Empresa,creacion_de_entornos_virtuales,EARLY ADOPTER (adoptan tecnologías en fase inicial)
33,RM,Servicios creativos,Empresa,impresion_3d,EARLY ADOPTER (adoptan tecnologías en fase inicial)
33,RM,Servicios creativos,Empresa,mocap_motion_capture,EARLY ADOPTER (adoptan tecnologías en fase inicial)
33,RM,Servicios creativos,Empresa,realidad_aumentada_ar,EARLY ADOPTER (adoptan tecnologías en fase inicial)
33,RM,Servicios creativos,Empresa,realidad_virtual_vr,EARLY ADOPTER (adoptan tecnologías en fase inicial)
33,RM,Servicios creativos,Empresa,reconocimiento_facial,EARLY ADOPTER (adoptan tecnologías en fase inicial)
33,RM,Servicios creativos,Empresa,software_de_3d,EARLY ADOPTER (adoptan tecnologías en fase inicial)
33,RM,Servicios creativos,Empresa,vfx_visual_effects,EARLY ADOPTER (adoptan tecnologías en fase inicial)
33,RM,Servicios creativos,Empresa,icfvx_in_camera_visual_effects,EARLY ADOPTER (adoptan tecnologías en fase inicial)
36,RM,Contenidos creativos,Empresa,sonido_inmersivo,EARLY ADOPTER (adoptan tecnologías en fase inicial)
36,RM,Contenidos creativos,Empresa,vfx_visual_effects,LENTO ADOPTANTE (se suman cuando las tecnologías están consolidadas)
38,RM,Contenidos creativos,Empresa,inteligencia_artificial_ia,EARLY ADOPTER (adoptan tecnologías en fase inicial)
38,RM,Contenidos creativos,Empresa,software_de_3d,INNOVADOR (desarrollan y adoptan nuevas tecnologías)
38,RM,Contenidos creativos,Empresa,vfx_visual_effects,INNOVADOR (desarrollan y adoptan nuevas tecnologías)
42,RM,Bienes creativos,Empresa,inteligencia_artificial_ia,EARLY ADOPTER (adoptan tecnologías en fase inicial)
42,RM,Bienes creativos,Empresa,software_especializado_aplicado_a_su_sector,EARLY ADOPTER (adoptan tecnologías en fase inicial)
45,RM,Contenidos creativos,Profesional independiente,impresion_3d,EARLY ADOPTER (adoptan tecnologías en fase inicial)
45,RM,Contenidos creativos,Profesional independiente,inteligencia_artificial_ia,EARLY ADOPTER (adoptan tecnologías en fase inicial)
45,RM,Contenidos creativos,Profesional independiente,realidad_aumentada_ar,EARLY ADOPTER (adoptan tecnologías en fase inicial)
46,RM,Bienes creativos,Empresa,creacion_de_entornos_virtuales,INNOVADOR (desarrollan y adoptan nuevas tecnologías)
46,RM,Bienes creativos,Empresa,impresion_3d,INNOVADOR (desarrollan y adoptan nuevas tecnologías)
46,RM,Bienes creativos,Empresa,inteligencia_artificial_ia,INNOVADOR (desarrollan y adoptan nuevas tecnologías)
46,RM,Bienes creativos,Empresa,mocap_motion_capture,INNOVADOR (desarrollan y adoptan nuevas tecnologías)
46,RM,Bienes creativos,Empresa,realidad_aumentada_ar,INNOVADOR (desarrollan y adoptan nuevas tecnologías)
46,RM,Bienes creativos,Empresa,realidad_virtual_vr,INNOVADOR (desarrollan y adoptan nuevas tecnologías)
46,RM,Bienes creativos,Empresa,reconocimiento_facial,INNOVADOR (desarrollan y adoptan nuevas tecnologías)
46,RM,Bienes creativos,Empresa,software_de_3d,EARLY ADOPTER (adoptan tecnologías en fase inicial)
46,RM,Bienes creativos,Empresa,vfx_visual_effects,EARLY ADOPTER (adoptan tecnologías en fase inicial)
47,RM,Experiencias creativas,Empresa,realidad_virtual_vr,EARLY ADOPTER (adoptan tecnologías en fase inicial)
47,RM,Experiencias creativas,Empresa,software_especializado_aplicado_a_su_sector,EARLY ADOPTER (adoptan tecnologías en fase inicial)
47,RM,Experiencias creativas,Empresa,sonido_inmersivo,INNOVADOR (desarrollan y adoptan nuevas tecnologías)
48,RM,Experiencias creativas,Empresa,software_especializado_aplicado_a_su_sector,EARLY ADOPTER (adoptan tecnologías en fase inicial)
48,RM,Experiencias creativas,Empresa,sonido_inmersivo,INNOVADOR (desarrollan y adoptan nuevas tecnologías)
49,RM,Contenidos creativos,Empresa,creacion_de_entornos_virtuales,EARLY ADOPTER (adoptan tecnologías en fase inicial)
49,RM,Contenidos creativos,Empresa,inteligencia_artificial_ia,EARLY ADOPTER (adoptan tecnologías en fase inicial)
49,RM,Contenidos creativos,Empresa,realidad_virtual_vr,EARLY ADOPTER (adoptan tecnologías en fase inicial)
49,RM,Contenidos creativos,Empresa,software_de_3d,EARLY ADOPTER (adoptan tecnologías en fase inicial)
49,RM,Contenidos creativos,Empresa,software_especializado_aplicado_a_su_sector,EARLY ADOPTER (adoptan tecnologías en fase inicial)
50,RM,Contenidos creativos,Empresa,creacion_de_entornos_virtuales,INNOVADOR (desarrollan y adoptan nuevas tecnologías)
50,RM,Contenidos creativos,Empresa,impresion_3d,EARLY ADOPTER (adoptan tecnologías en fase inicial)
50,RM,Contenidos creativos,Empresa,inteligencia_artificial_ia,INNOVADOR (desarrollan y adoptan nuevas tecnologías)
50,RM,Contenidos creativos,Empresa,machine_learning,EARLY ADOPTER (adoptan tecnologías en fase inicial)
50,RM,Contenidos creativos,Empresa,realidad_aumentada_ar,LENTO ADOPTANTE (se suman cuando las tecnologías están consolidadas)
50,RM,Contenidos creativos,Empresa,realidad_virtual_vr,EARLY ADOPTER (adoptan tecnologías en fase inicial)
50,RM,Contenidos creativos,Empresa,software_de_3d,EARLY ADOPTER (adoptan tecnologías en fase inicial)
50,RM,Contenidos creativos,Empresa,software_especializado_aplicado_a_su_sector,INNOVADOR (desarrollan y adoptan nuevas tecnologías)
50,RM,Contenidos creativos,Empresa,sonido_inmersivo,EARLY ADOPTER (adoptan tecnologías en fase inicial)
56,RM,Bienes creativos,Profesional independiente,software_especializado_aplicado_a_su_sector,LENTO ADOPTANTE (se suman cuando las tecnologías están consolidadas)
58,RM,Contenidos creativos,Empresa,creacion_de_entornos_virtuales,INNOVADOR (desarrollan y adoptan nuevas tecnologías)
58,RM,Contenidos creativos,Empresa,inteligencia_artificial_ia,INNOVADOR (desarrollan y adoptan nuevas tecnologías)
58,RM,Contenidos creativos,Empresa,machine_learning,INNOVADOR (desarrollan y adoptan nuevas tecnologías)
58,RM,Contenidos creativos,Empresa,mocap_motion_capture,EARLY ADOPTER (adoptan tecnologías en fase inicial)
58,RM,Contenidos creativos,Empresa,realidad_aumentada_ar,EARLY ADOPTER (adoptan tecnologías en fase inicial)
58,RM,Contenidos creativos,Empresa,realidad_virtual_vr,EARLY ADOPTER (adoptan tecnologías en fase inicial)
62,RM,Contenidos creativos,Empresa,creacion_de_entornos_virtuales,EARLY ADOPTER (adoptan tecnologías en fase inicial)
62,RM,Contenidos creativos,Empresa,mocap_motion_capture,EARLY ADOPTER (adoptan tecnologías en fase inicial)
62,RM,Contenidos creativos,Empresa,realidad_virtual_vr,INNOVADOR (desarrollan y adoptan nuevas tecnologías)
62,RM,Contenidos creativos,Empresa,reconocimiento_facial,EARLY ADOPTER (adoptan tecnologías en fase inicial)
62,RM,Contenidos creativos,Empresa,software_de_3d,EARLY ADOPTER (adoptan tecnologías en fase inicial)
62,RM,Contenidos creativos,Empresa,software_especializado_aplicado_a_su_sector,EARLY ADOPTER (adoptan tecnologías en fase inicial)
62,RM,Contenidos creativos,Empresa,sonido_inmersivo,EARLY ADOPTER (adoptan tecnologías en fase inicial)
62,RM,Contenidos creativos,Empresa,vfx_visual_effects,EARLY ADOPTER (adoptan tecnologías en fase inicial)
63,RM,Contenidos creativos,Empresa,creacion_de_entornos_virtuales,INNOVADOR (desarrollan y adoptan nuevas tecnologías)
63,RM,Contenidos creativos,Empresa,inteligencia_artificial_ia,INNOVADOR (desarrollan y adoptan nuevas tecnologías)
63,RM,Contenidos creativos,Empresa,realidad_aumentada_ar,INNOVADOR (desarrollan y adoptan nuevas tecnologías)
63,RM,Contenidos creativos,Empresa,realidad_virtual_vr,INNOVADOR (desarrollan y adoptan nuevas tecnologías)
63,RM,Contenidos creativos,Empresa,software_de_3d,INNOVADOR (desarrollan y adoptan nuevas tecnologías)
64,RM,Contenidos creativos,Empresa,creacion_de_entornos_virtuales,EARLY ADOPTER (adoptan tecnologías en fase inicial)
64,RM,Contenidos creativos,Empresa,mocap_motion_capture,EARLY ADOPTER (adoptan tecnologías en fase inicial)
64,RM,Contenidos creativos,Empresa,realidad_virtual_vr,INNOVADOR (desarrollan y adoptan nuevas tecnologías)
64,RM,Contenidos creativos,Empresa,software_de_3d,EARLY ADOPTER (adoptan tecnologías en fase inicial)
64,RM,Contenidos creativos,Empresa,sonido_inmersivo,INNOVADOR (desarrollan y adoptan nuevas tecnologías)
64,RM,Contenidos creativos,Empresa,vfx_visual_effects,INNOVADOR (desarrollan y adoptan nuevas tecnologías)
65,RM,Experiencias creativas,Profesional independiente,realidad_virtual_vr,INNOVADOR (desarrollan y adoptan nuevas tecnologías)
65,RM,Experiencias creativas,Profesional independiente,software_de_3d,INNOVADOR (desarrollan y adoptan nuevas tecnologías)
78,RM,Servicios creativos,Empresa,creacion_de_entornos_virtuales,EARLY ADOPTER (adoptan tecnologías en fase inicial)
78,RM,Servicios creativos,Empresa,impresion_3d,EARLY ADOPTER (adoptan tecnologías en fase inicial)
78,RM,Servicios creativos,Empresa,inteligencia_artificial_ia,INNOVADOR (desarrollan y adoptan nuevas tecnologías)
78,RM,Servicios creativos,Empresa,software_de_3d,EARLY ADOPTER (adoptan tecnologías en fase inicial)
78,RM,Servicios creativos,Empresa,software_especializado_aplicado_a_su_sector,EARLY ADOPTER (adoptan tecnologías en fase inicial)
78,RM,Servicios creativos,Empresa,vfx_visual_effects,EARLY ADOPTER (adoptan tecnologías en fase inicial)
80,RM,Contenidos creativos,Profesional independiente,creacion_de_entornos_virtuales,EARLY ADOPTER (adoptan tecnologías en fase inicial)
80,RM,Contenidos creativos,Profesional independiente,inteligencia_artificial_ia,INNOVADOR (desarrollan y adoptan nuevas tecnologías)
80,RM,Contenidos creativos,Profesional independiente,realidad_virtual_vr,EARLY ADOPTER (adoptan tecnologías en fase inicial)
80,RM,Contenidos creativos,Profesional independiente,software_de_3d,LENTO ADOPTANTE (se suman cuando las tecnologías están consolidadas)
83,RM,Bienes creativos,Profesional independiente,impresion_3d,INNOVADOR (desarrollan y adoptan nuevas tecnologías)
83,RM,Bienes creativos,Profesional independiente,inteligencia_artificial_ia,EARLY ADOPTER (adoptan tecnologías en fase inicial)
83,RM,Bienes creativos,Profesional independiente,software_de_3d,INNOVADOR (desarrollan y adoptan nuevas tecnologías)
85,RM,Bienes creativos,Empresa,creacion_de_entornos_virtuales,INNOVADOR (desarrollan y adoptan nuevas tecnologías)
85,RM,Bienes creativos,Empresa,realidad_virtual_vr,EARLY ADOPTER (adoptan tecnologías en fase inicial)
85,RM,Bienes creativos,Empresa,software_de_3d,EARLY ADOPTER (adoptan tecnologías en fase inicial)
85,RM,Bienes creativos,Empresa,software_especializado_aplicado_a_su_sector,INNOVADOR (desarrollan y adoptan nuevas tecnologías)
85,RM,Bienes creativos,Empresa,sonido_inmersivo,EARLY ADOPTER (adoptan tecnologías en fase inicial)
86,RM,Servicios creativos,Empresa,creacion_de_entornos_virtuales,EARLY ADOPTER (adoptan tecnologías en fase inicial)
86,RM,Servicios creativos,Empresa,inteligencia_artificial_ia,LENTO ADOPTANTE (se suman cuando las tecnologías están consolidadas)
86,RM,Servicios creativos,Empresa,physical_computing,EARLY ADOPTER (adoptan tecnologías en fase inicial)
86,RM,Servicios creativos,Empresa,realidad_aumentada_ar,EARLY ADOPTER (adoptan tecnologías en fase inicial)
86,RM,Servicios creativos,Empresa,realidad_virtual_vr,EARLY ADOPTER (adoptan tecnologías en fase inicial)
86,RM,Servicios creativos,Empresa,reconocimiento_facial,LENTO ADOPTANTE (se suman cuando las tecnologías están consolidadas)
86,RM,Servicios creativos,Empresa,software_de_3d,EARLY ADOPTER (adoptan tecnologías en fase inicial)
86,RM,Servicios creativos,Empresa,software_especializado_aplicado_a_su_sector,EARLY ADOPTER (adoptan tecnologías en fase inicial)
86,RM,Servicios creativos,Empresa,sonido_inmersivo,EARLY ADOPTER (adoptan tecnologías en fase inicial)
86,RM,Servicios creativos,Empresa,vfx_visual_effects,EARLY ADOPTER (adoptan tecnologías en fase inicial)
87,RM,Experiencias creativas,Profesional independiente,creacion_de_entornos_virtuales,LENTO ADOPTANTE (se suman cuando las tecnologías están consolidadas)
87,RM,Experiencias creativas,Profesional independiente,inteligencia_artificial_ia,EARLY ADOPTER (adoptan tecnologías en fase inicial)
87,RM,Experiencias creativas,Profesional independiente,mocap_motion_capture,LENTO ADOPTANTE (se suman cuando las tecnologías están consolidadas)
87,RM,Experiencias creativas,Profesional independiente,physical_computing,LENTO ADOPTANTE (se suman cuando las tecnologías están consolidadas)
87,RM,Experiencias creativas,Profesional independiente,realidad_aumentada_ar,EARLY ADOPTER (adoptan tecnologías en fase inicial)
87,RM,Experiencias creativas,Profesional independiente,software_de_3d,LENTO ADOPTANTE (se suman cuando las tecnologías están consolidadas)
87,RM,Experiencias creativas,Profesional independiente,vfx_visual_effects,LENTO ADOPTANTE (se suman cuando las tecnologías están consolidadas)
88,RM,Contenidos creativos,Empresa,creacion_de_entornos_virtuales,EARLY ADOPTER (adoptan tecnologías en fase inicial)
88,RM,Contenidos creativos,Empresa,realidad_virtual_vr,EARLY ADOPTER (adoptan tecnologías en fase inicial)
88,RM,Contenidos creativos,Empresa,software_especializado_aplicado_a_su_sector,EARLY ADOPTER (adoptan tecnologías en fase inicial)
89,RM,Experiencias creativas,Empresa,hologramas,INNOVADOR (desarrollan y adoptan nuevas tecnologías)
89,RM,Experiencias creativas,Empresa,impresion_3d,EARLY ADOPTER (adoptan tecnologías en fase inicial)
89,RM,Experiencias creativas,Empresa,inteligencia_artificial_ia,EARLY ADOPTER (adoptan tecnologías en fase inicial)
89,RM,Experiencias creativas,Empresa,machine_learning,EARLY ADOPTER (adoptan tecnologías en fase inicial)
89,RM,Experiencias creativas,Empresa,physical_computing,INNOVADOR (desarrollan y adoptan nuevas tecnologías)
89,RM,Experiencias creativas,Empresa,sonido_inmersivo,INNOVADOR (desarrollan y adoptan nuevas tecnologías)
90,RM,Experiencias creativas,Profesional independiente,software_especializado_aplicado_a_su_sector,LENTO ADOPTANTE (se suman cuando las tecnologías están consolidadas)
90,RM,Experiencias creativas,Profesional independiente,vfx_visual_effects,LENTO ADOPTANTE (se suman cuando las tecnologías están consolidadas)
93,RM,Experiencias creativas,Profesional independiente,creacion_de_entornos_virtuales,EARLY ADOPTER (adoptan tecnologías en fase inicial)
93,RM,Experiencias creativas,Profesional independiente,impresion_3d,EARLY ADOPTER (adoptan tecnologías en fase inicial)
93,RM,Experiencias creativas,Profesional independiente,realidad_virtual_vr,INNOVADOR (desarrollan y adoptan nuevas tecnologías)
93,RM,Experiencias creativas,Profesional independiente,software_de_3d,LENTO ADOPTANTE (se suman cuando las tecnologías están consolidadas)
93,RM,Experiencias creativas,Profesional independiente,sonido_inmersivo,LENTO ADOPTANTE (se suman cuando las tecnologías están consolidadas)
94,RM,Servicios creativos,Profesional independiente,creacion_de_entornos_virtuales,INNOVADOR (desarrollan y adoptan nuevas tecnologías)
94,RM,Servicios creativos,Profesional independiente,inteligencia_artificial_ia,INNOVADOR (desarrollan y adoptan nuevas tecnologías)
96,RM,Experiencias creativas,Empresa,impresion_3d,INNOVADOR (desarrollan y adoptan nuevas tecnologías)
96,RM,Experiencias creativas,Empresa,inteligencia_artificial_ia,EARLY ADOPTER (adoptan tecnologías en fase inicial)
96,RM,Experiencias creativas,Empresa,realidad_virtual_vr,INNOVADOR (desarrollan y adoptan nuevas tecnologías)
96,RM,Experiencias creativas,Empresa,software_de_3d,INNOVADOR (desarrollan y adoptan nuevas tecnologías)
96,RM,Experiencias creativas,Empresa,software_especializado_aplicado_a_su_sector,INNOVADOR (desarrollan y adoptan nuevas tecnologías)
98,RM,Experiencias creativas,Profesional independiente,creacion_de_entornos_virtuales,INNOVADOR (desarrollan y adoptan nuevas tecnologías)
98,RM,Experiencias creativas,Profesional independiente,sonido_inmersivo,INNOVADOR (desarrollan y adoptan nuevas tecnologías)
98,RM,Experiencias creativas,Profesional independiente,vfx_visual_effects,INNOVADOR (desarrollan y adoptan nuevas tecnologías)
99,RM,Bienes creativos,Empresa,creacion_de_entornos_virtuales,INNOVADOR (desarrollan y adoptan nuevas tecnologías)
99,RM,Bienes creativos,Empresa,inteligencia_artificial_ia,INNOVADOR (desarrollan y adoptan nuevas tecnologías)
99,RM,Bienes creativos,Empresa,mocap_motion_capture,INNOVADOR (desarrollan y adoptan nuevas tecnologías)
99,RM,Bienes creativos,Empresa,realidad_aumentada_ar,EARLY ADOPTER (adoptan tecnologías en fase inicial)
99,RM,Bienes creativos,Empresa,realidad_virtual_vr,EARLY ADOPTER (adoptan tecnologías en fase inicial)
99,RM,Bienes creativos,Empresa,software_de_3d,INNOVADOR (desarrollan y adoptan nuevas tecnologías)
99,RM,Bienes creativos,Empresa,sonido_inmersivo,EARLY ADOPTER (adoptan tecnologías en fase inicial)
99,RM,Bienes creativos,Empresa,vfx_visual_effects,EARLY ADOPTER (adoptan tecnologías en fase inicial)
100,RM,Experiencias creativas,Empresa,inteligencia_artificial_ia,EARLY ADOPTER (adoptan tecnologías en fase inicial)
100,RM,Experiencias creativas,Empresa,software_especializado_aplicado_a_su_sector,EARLY ADOPTER (adoptan tecnologías en fase inicial)
100,RM,Experiencias creativas,Empresa,vfx_visual_effects,EARLY ADOPTER (adoptan tecnologías en fase inicial)
101,RM,Servicios creativos,Empresa,creacion_de_entornos_virtuales,INNOVADOR (desarrollan y adoptan nuevas tecnologías)
101,RM,Servicios creativos,Empresa,hologramas,INNOVADOR (desarrollan y adoptan nuevas tecnologías)
101,RM,Servicios creativos,Empresa,inteligencia_artificial_ia,INNOVADOR (desarrollan y adoptan nuevas tecnologías)
101,RM,Servicios creativos,Empresa,realidad_aumentada_ar,INNOVADOR (desarrollan y adoptan nuevas tecnologías)
101,RM,Servicios creativos,Empresa,realidad_virtual_vr,INNOVADOR (desarrollan y adoptan nuevas tecnologías)
101,RM,Servicios creativos,Empresa,reconocimiento_facial,INNOVADOR (desarrollan y adoptan nuevas tecnologías)
101,RM,Servicios creativos,Empresa,software_de_3d,INNOVADOR (desarrollan y adoptan nuevas tecnologías)
101,RM,Servicios creativos,Empresa,sonido_inmersivo,INNOVADOR (desarrollan y adoptan nuevas tecnologías)
102,RM,Experiencias creativas,Empresa,realidad_aumentada_ar,INNOVADOR (desarrollan y adoptan nuevas tecnologías)
102,RM,Experiencias creativas,Empresa,realidad_virtual_vr,INNOVADOR (desarrollan y adoptan nuevas tecnologías)
105,RM,Experiencias creativas,Empresa,creacion_de_entornos_virtuales,INNOVADOR (desarrollan y adoptan nuevas tecnologías)
105,RM,Experiencias creativas,Empresa,impresion_3d,INNOVADOR (desarrollan y adoptan nuevas tecnologías)
105,RM,Experiencias creativas,Empresa,inteligencia_artificial_ia,LENTO ADOPTANTE (se suman cuando las tecnologías están consolidadas)
105,RM,Experiencias creativas,Empresa,mocap_motion_capture,LENTO ADOPTANTE (se suman cuando las tecnologías están consolidadas)
105,RM,Experiencias creativas,Empresa,physical_computing,EARLY ADOPTER (adoptan tecnologías en fase inicial)
105,RM,Experiencias creativas,Empresa,realidad_aumentada_ar,INNOVADOR (desarrollan y adoptan nuevas tecnologías)
105,RM,Experiencias creativas,Empresa,realidad_virtual_vr,INNOVADOR (desarrollan y adoptan nuevas tecnologías)
105,RM,Experiencias creativas,Empresa,reconocimiento_facial,LENTO ADOPTANTE (se suman cuando las tecnologías están consolidadas)
105,RM,Experiencias creativas,Empresa,software_de_3d,INNOVADOR (desarrollan y adoptan nuevas tecnologías)
105,RM,Experiencias creativas,Empresa,software_especializado_aplicado_a_su_sector,INNOVADOR (desarrollan y adoptan nuevas tecnologías)
105,RM,Experiencias creativas,Empresa,vfx_visual_effects,EARLY ADOPTER (adoptan tecnologías en fase inicial)
105,RM,Experiencias creativas,Empresa,icfvx_in_camera_visual_effects,EARLY ADOPTER (adoptan tecnologías en fase inicial)
106,RM,Bienes creativos,Empresa,creacion_de_entornos_virtuales,EARLY ADOPTER (adoptan tecnologías en fase inicial)
106,RM,Bienes creativos,Empresa,impresion_3d,INNOVADOR (desarrollan y adoptan nuevas tecnologías)
106,RM,Bienes creativos,Empresa,inteligencia_artificial_ia,LENTO ADOPTANTE (se suman cuando las tecnologías están consolidadas)
106,RM,Bienes creativos,Empresa,realidad_aumentada_ar,LENTO ADOPTANTE (se suman cuando las tecnologías están consolidadas)
106,RM,Bienes creativos,Empresa,realidad_virtual_vr,INNOVADOR (desarrollan y adoptan nuevas tecnologías)
106,RM,Bienes creativos,Empresa,software_de_3d,INNOVADOR (desarrollan y adoptan nuevas tecnologías)
106,RM,Bienes creativos,Empresa,software_especializado_aplicado_a_su_sector,INNOVADOR (desarrollan y adoptan nuevas tecnologías)
107,RM,Servicios creativos,Empresa,creacion_de_entornos_virtuales,INNOVADOR (desarrollan y adoptan nuevas tecnologías)
107,RM,Servicios creativos,Empresa,realidad_virtual_vr,INNOVADOR (desarrollan y adoptan nuevas tecnologías)
107,RM,Servicios creativos,Empresa,sonido_inmersivo,INNOVADOR (desarrollan y adoptan nuevas tecnologías)
109,RM,Servicios creativos,Empresa,vfx_visual_effects,INNOVADOR (desarrollan y adoptan nuevas tecnologías)
110,RM,Experiencias creativas,Empresa,creacion_de_entornos_virtuales,INNOVADOR (desarrollan y adoptan nuevas tecnologías)
110,RM,Experiencias creativas,Empresa,realidad_virtual_vr,INNOVADOR (desarrollan y adoptan nuevas tecnologías)
110,RM,Experiencias creativas,Empresa,software_de_3d,INNOVADOR (desarrollan y adoptan nuevas tecnologías)
110,RM,Experiencias creativas,Empresa,software_especializado_aplicado_a_su_sector,INNOVADOR (desarrollan y adoptan nuevas tecnologías)
110,RM,Experiencias creativas,Empresa,tecnologia_de_blockchain_cryptographic_token_o_nft,INNOVADOR (desarrollan y adoptan nuevas tecnologías)
112,RM,Servicios creativos,Empresa,machine_learning,INNOVADOR (desarrollan y adoptan nuevas tecnologías)
119,RM,Servicios creativos,Empresa,inteligencia_artificial_ia,INNOVADOR (desarrollan y adoptan nuevas tecnologías)
124,RM,Experiencias creativas,Profesional independiente,impresion_3d,LENTO ADOPTANTE (se suman cuando las tecnologías están consolidadas)
124,RM,Experiencias creativas,Profesional independiente,inteligencia_artificial_ia,EARLY ADOPTER (adoptan tecnologías en fase inicial)
124,RM,Experiencias creativas,Profesional independiente,realidad_aumentada_ar,LENTO ADOPTANTE (se suman cuando las tecnologías están consolidadas)
124,RM,Experiencias creativas,Profesional independiente,realidad_virtual_vr,EARLY ADOPTER (adoptan tecnologías en fase inicial)
124,RM,Experiencias creativas,Profesional independiente,software_especializado_aplicado_a_su_sector,LENTO ADOPTANTE (se suman cuando las tecnologías están consolidadas)
124,RM,Experiencias creativas,Profesional independiente,tecnologia_de_blockchain_cryptographic_token_o_nft,INNOVADOR (desarrollan y adoptan nuevas tecnologías)
125,RM,Servicios creativos,Empresa,inteligencia_artificial_ia,EARLY ADOPTER (adoptan tecnologías en fase inicial)
125,RM,Servicios creativos,Empresa,reconocimiento_facial,LENTO ADOPTANTE (se suman cuando las tecnologías están consolidadas)
125,RM,Servicios creativos,Empresa,sonido_inmersivo,INNOVADOR (desarrollan y adoptan nuevas tecnologías)
125,RM,Servicios creativos,Empresa,vfx_visual_effects,INNOVADOR (desarrollan y adoptan nuevas tecnologías)
127,RM,Experiencias creativas,Empresa,mocap_motion_capture,EARLY ADOPTER (adoptan tecnologías en fase inicial)
127,RM,Experiencias creativas,Empresa,software_de_3d,EARLY ADOPTER (adoptan tecnologías en fase inicial)
127,RM,Experiencias creativas,Empresa,software_especializado_aplicado_a_su_sector,EARLY ADOPTER (adoptan tecnologías en fase inicial)
127,RM,Experiencias creativas,Empresa,sonido_inmersivo,EARLY ADOPTER (adoptan tecnologías en fase inicial)
128,RM,Contenidos creativos,Empresa,inteligencia_artificial_ia,EARLY ADOPTER (adoptan tecnologías en fase inicial)
130,RM,Contenidos creativos,Profesional independiente,creacion_de_entornos_virtuales,INNOVADOR (desarrollan y adoptan nuevas tecnologías)
130,RM,Contenidos creativos,Profesional independiente,realidad_virtual_vr,INNOVADOR (desarrollan y adoptan nuevas tecnologías)
130,RM,Contenidos creativos,Profesional independiente,software_especializado_aplicado_a_su_sector,INNOVADOR (desarrollan y adoptan nuevas tecnologías)
132,RM,Bienes creativos,Empresa,creacion_de_entornos_virtuales,LENTO ADOPTANTE (se suman cuando las tecnologías están consolidadas)
132,RM,Bienes creativos,Empresa,hologramas,EARLY ADOPTER (adoptan tecnologías en fase inicial)
132,RM,Bienes creativos,Empresa,physical_computing,INNOVADOR (desarrollan y adoptan nuevas tecnologías)
132,RM,Bienes creativos,Empresa,realidad_aumentada_ar,EARLY ADOPTER (adoptan tecnologías en fase inicial)
132,RM,Bienes creativos,Empresa,software_de_3d,INNOVADOR (desarrollan y adoptan nuevas tecnologías)
132,RM,Bienes creativos,Empresa,vfx_visual_effects,EARLY ADOPTER (adoptan tecnologías en fase inicial)
133,RM,Servicios creativos,Empresa,creacion_de_entornos_virtuales,INNOVADOR (desarrollan y adoptan nuevas tecnologías)
133,RM,Servicios creativos,Empresa,impresion_3d,INNOVADOR (desarrollan y adoptan nuevas tecnologías)
133,RM,Servicios creativos,Empresa,inteligencia_artificial_ia,EARLY ADOPTER (adoptan tecnologías en fase inicial)
133,RM,Servicios creativos,Empresa,mocap_motion_capture,INNOVADOR (desarrollan y adoptan nuevas tecnologías)
133,RM,Servicios creativos,Empresa,physical_computing,LENTO ADOPTANTE (se suman cuando las tecnologías están consolidadas)
133,RM,Servicios creativos,Empresa,realidad_aumentada_ar,INNOVADOR (desarrollan y adoptan nuevas tecnologías)
133,RM,Servicios creativos,Empresa,realidad_virtual_vr,INNOVADOR (desarrollan y adoptan nuevas tecnologías)
133,RM,Servicios creativos,Empresa,software_de_3d,INNOVADOR (desarrollan y adoptan nuevas tecnologías)
136,RM,Contenidos creativos,Empresa,inteligencia_artificial_ia,EARLY ADOPTER (adoptan tecnologías en fase inicial)
136,RM,Contenidos creativos,Empresa,mocap_motion_capture,EARLY ADOPTER (adoptan tecnologías en fase inicial)
136,RM,Contenidos creativos,Empresa,realidad_aumentada_ar,EARLY ADOPTER (adoptan tecnologías en fase inicial)
136,RM,Contenidos creativos,Empresa,realidad_virtual_vr,EARLY ADOPTER (adoptan tecnologías en fase inicial)
136,RM,Contenidos creativos,Empresa,software_de_3d,EARLY ADOPTER (adoptan tecnologías en fase inicial)
136,RM,Contenidos creativos,Empresa,software_especializado_aplicado_a_su_sector,EARLY ADOPTER (adoptan tecnologías en fase inicial)
139,RM,Contenidos creativos,Profesional independiente,creacion_de_entornos_virtuales,INNOVADOR (desarrollan y adoptan nuevas tecnologías)
139,RM,Contenidos creativos,Profesional independiente,inteligencia_artificial_ia,EARLY ADOPTER (adoptan tecnologías en fase inicial)
139,RM,Contenidos creativos,Profesional independiente,machine_learning,INNOVADOR (desarrollan y adoptan nuevas tecnologías)
139,RM,Contenidos creativos,Profesional independiente,software_especializado_aplicado_a_su_sector,INNOVADOR (desarrollan y adoptan nuevas tecnologías)
67,O'Higgins,Bienes creativos,Empresa,inteligencia_artificial_ia,INNOVADOR (desarrollan y adoptan nuevas tecnologías)
67,O'Higgins,Bienes creativos,Empresa,mocap_motion_capture,EARLY ADOPTER (adoptan tecnologías en fase inicial)
67,O'Higgins,Bienes creativos,Empresa,physical_computing,INNOVADOR (desarrollan y adoptan nuevas tecnologías)
67,O'Higgins,Bienes creativos,Empresa,realidad_aumentada_ar,EARLY ADOPTER (adoptan tecnologías en fase inicial)
67,O'Higgins,Bienes creativos,Empresa,realidad_virtual_vr,EARLY ADOPTER (adoptan tecnologías en fase inicial)
67,O'Higgins,Bienes creativos,Empresa,software_de_3d,INNOVADOR (desarrollan y adoptan nuevas tecnologías)
67,O'Higgins,Bienes creativos,Empresa,software_especializado_aplicado_a_su_sector,INNOVADOR (desarrollan y adoptan nuevas tecnologías)
67,O'Higgins,Bienes creativos,Empresa,sonido_inmersivo,EARLY ADOPTER (adoptan tecnologías en fase inicial)
67,O'Higgins,Bienes creativos,Empresa,vfx_visual_effects,EARLY ADOPTER (adoptan tecnologías en fase inicial)
67,O'Higgins,Bienes creativos,Empresa,icfvx_in_camera_visual_effects,EARLY ADOPTER (adoptan tecnologías en fase inicial)
43,Maule,Contenidos creativos,Empresa,inteligencia_artificial_ia,LENTO ADOPTANTE (se suman cuando las tecnologías están consolidadas)
43,Maule,Contenidos creativos,Empresa,software_especializado_aplicado_a_su_sector,LENTO ADOPTANTE (se suman cuando las tecnologías están consolidadas)
70,Maule,Experiencias creativas,Empresa,sonido_inmersivo,INNOVADOR (desarrollan y adoptan nuevas tecnologías)
70,Maule,Experiencias creativas,Empresa,vfx_visual_effects,LENTO ADOPTANTE (se suman cuando las tecnologías están consolidadas)
6,Biobío,Contenidos creativos,Empresa,creacion_de_entornos_virtuales,INNOVADOR (desarrollan y adoptan nuevas tecnologías)
6,Biobío,Contenidos creativos,Empresa,realidad_aumentada_ar,EARLY ADOPTER (adoptan tecnologías en fase inicial)
6,Biobío,Contenidos creativos,Empresa,realidad_virtual_vr,INNOVADOR (desarrollan y adoptan nuevas tecnologías)
6,Biobío,Contenidos creativos,Empresa,software_de_3d,INNOVADOR (desarrollan y adoptan nuevas tecnologías)
6,Biobío,Contenidos creativos,Empresa,sonido_inmersivo,LENTO ADOPTANTE (se suman cuando las tecnologías están consolidadas)
6,Biobío,Contenidos creativos,Empresa,vfx_visual_effects,EARLY ADOPTER (adoptan tecnologías en fase inicial)
41,Biobío,Experiencias creativas,Profesional independiente,software_especializado_aplicado_a_su_sector,LENTO ADOPTANTE (se suman cuando las tecnologías están consolidadas)
61,Biobío,Servicios creativos,Empresa,creacion_de_entornos_virtuales,INNOVADOR (desarrollan y adoptan nuevas tecnologías)
61,Biobío,Servicios creativos,Empresa,hologramas,EARLY ADOPTER (adoptan tecnologías en fase inicial)
61,Biobío,Servicios creativos,Empresa,realidad_aumentada_ar,INNOVADOR (desarrollan y adoptan nuevas tecnologías)
61,Biobío,Servicios creativos,Empresa,realidad_virtual_vr,INNOVADOR (desarrollan y adoptan nuevas tecnologías)
61,Biobío,Servicios creativos,Empresa,software_de_3d,INNOVADOR (desarrollan y adoptan nuevas tecnologías)
61,Biobío,Servicios creativos,Empresa,vfx_visual_effects,EARLY ADOPTER (adoptan tecnologías en fase inicial)
108,Biobío,Contenidos creativos,Profesional independiente,creacion_de_entornos_virtuales,INNOVADOR (desarrollan y adoptan nuevas tecnologías)
108,Biobío,Contenidos creativos,Profesional independiente,realidad_aumentada_ar,EARLY ADOPTER (adoptan tecnologías en fase inicial)
111,Biobío,Bienes creativos,Empresa,creacion_de_entornos_virtuales,EARLY ADOPTER (adoptan tecnologías en fase inicial)
111,Biobío,Bienes creativos,Empresa,inteligencia_artificial_ia,EARLY ADOPTER (adoptan tecnologías en fase inicial)
111,Biobío,Bienes creativos,Empresa,software_especializado_aplicado_a_su_sector,EARLY ADOPTER (adoptan tecnologías en fase inicial)
115,Biobío,Servicios creativos,Empresa,inteligencia_artificial_ia,LENTO ADOPTANTE (se suman cuando las tecnologías están consolidadas)
115,Biobío,Servicios creativos,Empresa,software_especializado_aplicado_a_su_sector,EARLY ADOPTER (adoptan tecnologías en fase inicial)
118,Biobío,Bienes creativos,Empresa,software_de_3d,LENTO ADOPTANTE (se suman cuando las tecnologías están consolidadas)
118,Biobío,Bienes creativos,Empresa,software_especializado_aplicado_a_su_sector,LENTO ADOPTANTE (se suman cuando las tecnologías están consolidadas)
137,Biobío,Bienes creativos,Empresa,creacion_de_entornos_virtuales,INNOVADOR (desarrollan y adoptan nuevas tecnologías)
137,Biobío,Bienes creativos,Empresa,inteligencia_artificial_ia,EARLY ADOPTER (adoptan tecnologías en fase inicial)
137,Biobío,Bienes creativos,Empresa,machine_learning,EARLY ADOPTER (adoptan tecnologías en fase inicial)
137,Biobío,Bienes creativos,Empresa,realidad_virtual_vr,EARLY ADOPTER (adoptan tecnologías en fase inicial)
137,Biobío,Bienes creativos,Empresa,reconocimiento_facial,EARLY ADOPTER (adoptan tecnologías en fase inicial)
137,Biobío,Bienes creativos,Empresa,software_especializado_aplicado_a_su_sector,INNOVADOR (desarrollan y adoptan nuevas tecnologías)
137,Biobío,Bienes creativos,Empresa,vfx_visual_effects,EARLY ADOPTER (adoptan tecnologías en fase inicial)
27,Araucanía,Contenidos creativos,Profesional independiente,inteligencia_artificial_ia,LENTO ADOPTANTE (se suman cuando las tecnologías están consolidadas)
27,Araucanía,Contenidos creativos,Profesional independiente,software_especializado_aplicado_a_su_sector,LENTO ADOPTANTE (se suman cuando las tecnologías están consolidadas)
37,Araucanía,Experiencias creativas,Empresa,creacion_de_entornos_virtuales,EARLY ADOPTER (adoptan tecnologías en fase inicial)
37,Araucanía,Experiencias creativas,Empresa,inteligencia_artificial_ia,EARLY ADOPTER (adoptan tecnologías en fase inicial)
37,Araucanía,Experiencias creativas,Empresa,mocap_motion_capture,EARLY ADOPTER (adoptan tecnologías en fase inicial)
37,Araucanía,Experiencias creativas,Empresa,realidad_aumentada_ar,EARLY ADOPTER (adoptan tecnologías en fase inicial)
37,Araucanía,Experiencias creativas,Empresa,realidad_virtual_vr,EARLY ADOPTER (adoptan tecnologías en fase inicial)
37,Araucanía,Experiencias creativas,Empresa,software_de_3d,EARLY ADOPTER (adoptan tecnologías en fase inicial)
37,Araucanía,Experiencias creativas,Empresa,sonido_inmersivo,EARLY ADOPTER (adoptan tecnologías en fase inicial)
40,Araucanía,Contenidos creativos,Profesional independiente,creacion_de_entornos_virtuales,LENTO ADOPTANTE (se suman cuando las tecnologías están consolidadas)
40,Araucanía,Contenidos creativos,Profesional independiente,realidad_virtual_vr,LENTO ADOPTANTE (se suman cuando las tecnologías están consolidadas)
40,Araucanía,Contenidos creativos,Profesional independiente,software_especializado_aplicado_a_su_sector,LENTO ADOPTANTE (se suman cuando las tecnologías están consolidadas)
40,Araucanía,Contenidos creativos,Profesional independiente,sonido_inmersivo,INNOVADOR (desarrollan y adoptan nuevas tecnologías)
44,Araucanía,Contenidos creativos,Profesional independiente,creacion_de_entornos_virtuales,EARLY ADOPTER (adoptan tecnologías en fase inicial)
44,Araucanía,Contenidos creativos,Profesional independiente,inteligencia_artificial_ia,EARLY ADOPTER (adoptan tecnologías en fase inicial)
44,Araucanía,Contenidos creativos,Profesional independiente,software_especializado_aplicado_a_su_sector,EARLY ADOPTER (adoptan tecnologías en fase inicial)
66,Araucanía,Bienes creativos,Empresa,hologramas,INNOVADOR (desarrollan y adoptan nuevas tecnologías)
66,Araucanía,Bienes creativos,Empresa,impresion_3d,INNOVADOR (desarrollan y adoptan nuevas tecnologías)
66,Araucanía,Bienes creativos,Empresa,inteligencia_artificial_ia,EARLY ADOPTER (adoptan tecnologías en fase inicial)
66,Araucanía,Bienes creativos,Empresa,software_de_3d,INNOVADOR (desarrollan y adoptan nuevas tecnologías)
81,Araucanía,Bienes creativos,Profesional independiente,impresion_3d,INNOVADOR (desarrollan y adoptan nuevas tecnologías)
116,Araucanía,Servicios creativos,Profesional independiente,inteligencia_artificial_ia,EARLY ADOPTER (adoptan tecnologías en fase inicial)
121,Araucanía,Experiencias creativas,Profesional independiente,inteligencia_artificial_ia,EARLY ADOPTER (adoptan tecnologías en fase inicial)
121,Araucanía,Experiencias creativas,Profesional independiente,realidad_virtual_vr,LENTO ADOPTANTE (se suman cuando las tecnologías están consolidadas)
39,Los Ríos,Experiencias creativas,Empresa,creacion_de_entornos_virtuales,EARLY ADOPTER (adoptan tecnologías en fase inicial)
39,Los Ríos,Experiencias creativas,Empresa,inteligencia_artificial_ia,EARLY ADOPTER (adoptan tecnologías en fase inicial)
39,Los Ríos,Experiencias creativas,Empresa,software_de_3d,EARLY ADOPTER (adoptan tecnologías en fase inicial)
39,Los Ríos,Experiencias creativas,Empresa,software_especializado_aplicado_a_su_sector,INNOVADOR (desarrollan y adoptan nuevas tecnologías)
39,Los Ríos,Experiencias creativas,Empresa,sonido_inmersivo,EARLY ADOPTER (adoptan tecnologías en fase inicial)
75,Los Ríos,Bienes creativos,Empresa,impresion_3d,EARLY ADOPTER (adoptan tecnologías en fase inicial)
75,Los Ríos,Bienes creativos,Empresa,software_de_3d,LENTO ADOPTANTE (se suman cuando las tecnologías están consolidadas)
75,Los Ríos,Bienes creativos,Empresa,software_especializado_aplicado_a_su_sector,LENTO ADOPTANTE (se suman cuando las tecnologías están consolidadas)
82,Los Ríos,Bienes creativos,Empresa,impresion_3d,LENTO ADOPTANTE (se suman cuando las tecnologías están consolidadas)
82,Los Ríos,Bienes creativos,Empresa,software_de_3d,EARLY ADOPTER (adoptan tecnologías en fase inicial)
82,Los Ríos,Bienes creativos,Empresa,software_especializado_aplicado_a_su_sector,EARLY ADOPTER (adoptan tecnologías en fase inicial)
134,Los Lagos,Experiencias creativas,Empresa,hologramas,INNOVADOR (desarrollan y adoptan nuevas tecnologías)
134,Los Lagos,Experiencias creativas,Empresa,inteligencia_artificial_ia,INNOVADOR (desarrollan y adoptan nuevas tecnologías)
134,Los Lagos,Experiencias creativas,Empresa,software_de_3d,INNOVADOR (desarrollan y adoptan nuevas tecnologías)
134,Los Lagos,Experiencias creativas,Empresa,software_especializado_aplicado_a_su_sector,INNOVADOR (desarrollan y adoptan nuevas tecnologías)
134,Los Lagos,Experiencias creativas,Empresa,sonido_inmersivo,INNOVADOR (desarrollan y adoptan nuevas tecnologías)
134,Los Lagos,Experiencias creativas,Empresa,vfx_visual_effects,INNOVADOR (desarrollan y adoptan nuevas tecnologías)
4,Aysén,Bienes creativos,Empresa,impresion_3d,EARLY ADOPTER (adoptan tecnologías en fase inicial)
4,Aysén,Bienes creativos,Empresa,software_de_3d,LENTO ADOPTANTE (se suman cuando las tecnologías están consolidadas)
4,Aysén,Bienes creativos,Empresa,software_especializado_aplicado_a_su_sector,LENTO ADOPTANTE (se suman cuando las tecnologías están consolidadas)
51,Aysén,Bienes creativos,Empresa,software_especializado_aplicado_a_su_sector,LENTO ADOPTANTE (se suman cuando las tecnologías están consolidadas)
51,Aysén,Bienes creativos,Empresa,tecnologia_de_blockchain_cryptographic_token_o_nft,INNOVADOR (desarrollan y adoptan nuevas tecnologías)
95,Aysén,Servicios creativos,Empresa,impresion_3d,LENTO ADOPTANTE (se suman cuando las tecnologías están consolidadas)
95,Aysén,Servicios creativos,Empresa,realidad_aumentada_ar,EARLY ADOPTER (adoptan tecnologías en fase inicial)
95,Aysén,Servicios creativos,Empresa,reconocimiento_facial,EARLY ADOPTER (adoptan tecnologías en fase inicial)
95,Aysén,Servicios creativos,Empresa,software_de_3d,EARLY ADOPTER (adoptan tecnologías en fase inicial)
123,Aysén,Bienes creativos,Empresa,creacion_de_entornos_virtuales,INNOVADOR (desarrollan y adoptan nuevas tecnologías)
123,Aysén,Bienes creativos,Empresa,inteligencia_artificial_ia,EARLY ADOPTER (adoptan tecnologías en fase inicial)
123,Aysén,Bienes creativos,Empresa,software_de_3d,INNOVADOR (desarrollan y adoptan nuevas tecnologías)
123,Aysén,Bienes creativos,Empresa,software_especializado_aplicado_a_su_sector,INNOVADOR (desarrollan y adoptan nuevas tecnologías)
10,Magallanes,Contenidos creativos,Empresa,inteligencia_artificial_ia,INNOVADOR (desarrollan y adoptan nuevas tecnologías)
10,Magallanes,Contenidos creativos,Empresa,software_especializado_aplicado_a_su_sector,INNOVADOR (desarrollan y adoptan nuevas tecnologías)
59,Magallanes,Servicios creativos,Empresa,impresion_3d,EARLY ADOPTER (adoptan tecnologías en fase inicial)
59,Magallanes,Servicios creativos,Empresa,inteligencia_artificial_ia,INNOVADOR (desarrollan y adoptan nuevas tecnologías)
59,Magallanes,Servicios creativos,Empresa,machine_learning,INNOVADOR (desarrollan y adoptan nuevas tecnologías)
59,Magallanes,Servicios creativos,Empresa,software_especializado_aplicado_a_su_sector,INNOVADOR (desarrollan y adoptan nuevas tecnologías)
79,Magallanes,Bienes creativos,Empresa,impresion_3d,INNOVADOR (desarrollan y adoptan nuevas tecnologías)
79,Magallanes,Bienes creativos,Empresa,inteligencia_artificial_ia,INNOVADOR (desarrollan y adoptan nuevas tecnologías)
91,Magallanes,Bienes creativos,Empresa,creacion_de_entornos_virtuales,INNOVADOR (desarrollan y adoptan nuevas tecnologías)
91,Magallanes,Bienes creativos,Empresa,inteligencia_artificial_ia,INNOVADOR (desarrollan y adoptan nuevas tecnologías)
91,Magallanes,Bienes creativos,Empresa,machine_learning,EARLY ADOPTER (adoptan tecnologías en fase inicial)
91,Magallanes,Bienes creativos,Empresa,realidad_virtual_vr,INNOVADOR (desarrollan y adoptan nuevas tecnologías)
9,Extranjero,Servicios creativos,Profesional independiente,software_de_3d,LENTO ADOPTANTE (se suman cuando las tecnologías están consolidadas)
9,Extranjero,Servicios creativos,Profesional independiente,software_especializado_aplicado_a_su_sector,INNOVADOR (desarrollan y adoptan nuevas tecnologías)
31,Extranjero,Experiencias creativas,Profesional independiente,sonido_inmersivo,EARLY ADOPTER (adoptan tecnologías en fase inicial)
31,Extranjero,Experiencias creativas,Profesional independiente,vfx_visual_effects,EARLY ADOPTER (adoptan tecnologías en fase inicial)
57,Extranjero,Contenidos creativos,Profesional independiente,inteligencia_artificial_ia,INNOVADOR (desarrollan y adoptan nuevas tecnologías)
57,Extranjero,Contenidos creativos,Profesional independiente,tecnologia_de_blockchain_cryptographic_token_o_nft,INNOVADOR (desarrollan y adoptan nuevas tecnologías)
